{"type": "metrics", "dataset": "train", "precision": 0.7009940357852883, "balanced_accuracy": 0.6633910166372577, "recall": 0.37312169312169313, "f1_score": 0.48701657458563535}
{"type": "metrics", "dataset": "test", "precision": 0.6761729530818767, "balanced_accuracy": 0.6679288128346434, "recall": 0.38562434417628544, "f1_score": 0.49114600735048447}
{"type": "cm_matrix", "dataset": "train", "true_0": {"predicted_0": 15476, "predicted_1": 752}, "true_1": {"predicted_0": 2962, "predicted_1": 1763}}
{"type": "cm_matrix", "dataset": "test", "true_0": {"predicted_0": 6721, "predicted_1": 352}, "true_1": {"predicted_0": 1171, "predicted_1": 735}}
